regtype,b1,b2,b4,b5,b7,b8,b9,b10,b0
reg_endo_yfe,0.689,0.687,0.417,0.831,-1.299,0.011,-8.928,1.733,-19.310579270229912
reg_endo_odyfe,0.713,-0.72,0.171,0.01,-1.49,0.01,-12.144,1.584,-0.02507103184385842
reg_endo_abel_yfe,0.606,0.615,0.113,0.806,-1.047,0.002,-15.163,1.579,-16.160939912619327
reg_endo_abel_odyfe,1.684,-1.225,0.197,-0.123,-1.324,0.006,-14.013,1.335,-0.06670301838081664
